;Depth Location;;;;;;;;;;;;
Distance on line [m];1,6;1,4;1,2;1;0,8;0,6;0,4;0,2;0;-0,2;-0,4;-0,6;-0,8
0;-406,058161;#VALUE!;#VALUE!;-384,4015709;-323,6066267;-301,2297112;-324,4511372;-327,8963532;-337,4021984;#VALUE!;-180,3933388;-109,9844857;16,57263943
2,19E-05;-383,2645806;-296,8624462;-296,8624462;-375,4595628;-314,9876531;-280,2702865;-318,7857733;-330,0317793;-355,0406018;-112,8343701;-183,2365969;-120,6729668;3,806554302
4,38E-05;-357,3215104;-292,1858623;-292,1858623;-362,6560659;-301,2437203;-257,3843611;-304,6133939;-330,8017766;-374,2098808;-145,5132184;-186,8500417;-138,8351199;-9,507558285
6,57E-05;-337,0748706;-284,2025011;-284,2025011;-336,168487;-282,8671436;-233,2592319;-283,6531675;-327,4220503;-388,7346225;-182,4340314;-192,2280571;-163,7636821;-21,9264873
8,76E-05;-318,1175721;-272,406948;-272,406948;-311,40585;-263,9348625;-196,3015495;-261,1119902;-321,9268883;-389,2745548;-225,2138656;-201,4737343;-187,5314216;-32,23078782
0,000109546;-301,0999921;-254,4709667;-254,4709667;-286,8293857;-245,2362046;-157,763333;-239,3460317;-314,3681552;-384,7805806;-248,0546296;-217,8414526;-209,1911975;-40,58541735
0,000131455;-285,0534908;-233,9673366;-233,9673366;-263,322354;-227,4250075;-117,5963067;-205,2182252;-298,4360128;-375,1366165;-262,125321;-232,7681882;-230,3522062;-43,30129766
0,000153364;-265,5024571;-208,8360267;-208,8360267;-241,139794;-209,8569667;-81,30345569;-166,5382059;-279,9811616;-365,2698848;-266,2597545;-249,1177218;-251,0708595;-41,21813946
0,000175273;-237,1190128;-182,3947089;-182,3947089;-221,057375;-193,5393548;-48,53945316;-121,0019562;-258,86736;-355,3382272;-274,2855864;-272,4265289;-271,3406779;-36,8151829
0,000197182;-210,3991855;-154,3346099;-154,3346099;-201,8295608;-176,5174475;-27,16135241;-73,639697;-238,868683;-346,0049213;-285,5590579;-299,1177186;-291,2055342;-39,59514661
0,000219091;-181,0240115;-135,3649436;-135,3649436;-182,4476752;-162,5613607;-8,544543516;-23,58935583;-222,5157985;-335,5775486;-300,6686927;-328,8472408;-310,800279;-51,06070323
0,000241;-154,9614953;-118,0293506;-118,0293506;-161,7860833;-149,6521849;9,319995476;18,1066027;-214,7309338;-324,3749447;-309,4617732;-348,0191191;-331,2140211;-68,92925432
0,000262909;-131,8830214;-102,397829;-102,397829;-139,2317673;-139,0762203;39,96614606;59,04155477;-205,2559843;-312,6967139;-314,5221201;-361,6666921;-351,695048;-93,69859806
0,000284818;-117,3413757;-79,19366506;-79,19366506;-117,7931111;-129,6862435;74,70977303;98,28577839;-192,5187689;-293,1946192;-303,0077684;-365,7033358;-372,8593684;-117,0518156
0,000306728;-103,3466744;-52,03439069;-52,03439069;-96,72578185;-121,0912453;113,244854;137,7194752;-170,8896812;-268,7804161;-297,8251843;-358,8160696;-390,9286183;-140,0082649
0,000328637;-86,67419008;-22,22912501;-22,22912501;-77,44813472;-112,3291388;144,22167;177,1280522;-149,5146351;-236,1116836;-298,837074;-351,0096268;-406,8717475;-156,3330512
0,000350546;-65,80354397;6,681503171;6,681503171;-64,01525107;-103,8693335;168,0913523;215,4207048;-129,2958801;-211,9162521;-306,7010949;-344,9831155;-417,6513737;-168,9610601
0,000372455;-44,23651437;32,69389502;32,69389502;-54,48002561;-95,14363942;172,6537703;247,6288866;-117,9571618;-192,0367185;-316,6340773;-355,9712727;-422,9171017;-172,7684272
0,000394364;-28,37341273;48,32614416;48,32614416;-53,77696439;-85,4866857;171,7248685;275,7364195;-107,9560007;-159,9305054;-329,6495046;-375,4040825;-425,9817964;-177,5500472
0,000416273;-17,1916243;62,15069607;62,15069607;-59,13816249;-76,09159737;166,9792683;299,9586173;-94,43980178;-120,3319649;-347,7641816;-399,5076134;-431,8370598;-181,5896429
0,000438182;-11,76971277;76,3428194;76,3428194;-65,36355127;-67,01026711;146,8815895;321,2942889;-69,91111178;-74,50445078;-367,2814942;-416,9226579;-438,1822434;-179,7207246
0,000460091;-3,686320974;87,76818858;87,76818858;-69,54982054;-58,83044671;122,5446945;337,6311792;-38,29093708;-27,07186417;-386,3797132;-428,0659471;-445,1041617;-178,860834
0,000482;7,102850445;96,53820089;96,53820089;-73,26082447;-51,35681623;92,19538384;345,7020563;3,92189445;14,74050547;-390,3955419;-434,2001218;-453,7397647;-178,4844522
0,00050391;26,13979356;100,8234005;100,8234005;-74,1610321;-49,47209418;67,61352965;347,0783985;41,52194255;50,9635095;-384,661871;-437,3418304;-460,7092906;-187,9251747
0,000525819;55,26757131;108,4976551;108,4976551;-70,69636661;-48,74154353;45,17181085;328,0828767;72,04556701;71,74167695;-364,081376;-434,9286396;-465,0199793;-204,3757081
0,000547728;96,85628776;124,0974386;124,0974386;-66,85102338;-51,8272245;30,51308444;303,9653779;89,74897328;88,3354773;-348,9764685;-434,664951;-463,5976899;-228,4804218
0,000569637;137,8886214;144,2368527;144,2368527;-59,90045437;-55,4990463;23,81508811;276,8881552;102,2027499;98,21283324;-339,2732248;-434,3682574;-459,3229859;-267,530616
0,000591546;172,4160081;163,9557762;163,9557762;-52,48450923;-56,71049523;23,04498581;253,4240612;103,4087824;102,913862;-338,3623062;-427,1052865;-451,0120074;-306,5647581
0,000613455;187,9312029;175,8131527;175,8131527;-43,67017678;-51,64983299;26,27851671;237,3152367;106,7653294;103,3575081;-337,1938928;-412,9044175;-444,3467761;-341,7023301
0,000635364;198,7808591;179,7936533;179,7936533;-38,64736782;-45,12258321;31,27323512;231,1229588;111,9201911;99,53641012;-333,1114097;-393,087326;-439,1763367;-368,2396507
0,000657273;203,9440748;177,3150631;177,3150631;-36,66111143;-38,93924089;37,49531856;232,4010718;128,2413186;99,04055917;-318,3439213;-367,0165898;-428,4009828;-388,3143508
0,000679182;215,8530285;164,8920834;164,8920834;-33,40734209;-36,08385282;40,555673;236,9504489;139,3824603;97,66161698;-300,267468;-341,9545162;-416,0781922;-399,3699651
0,000701091;230,8082267;155,0348398;155,0348398;-31,22019827;-34,9073283;39,13029046;245,4030994;139,0659798;87,65708497;-283,1627102;-317,446769;-401,3781693;-403,7971489
0,000723001;244,7890943;150,316173;150,316173;-31,4889555;-34,73534729;32,69171373;253,3358739;107,6629501;70,90609714;-263,9905204;-287,8985237;-381,062283;-404,1978641
0,00074491;250,5541529;148,2681089;148,2681089;-37,00074266;-31,52683148;32,947762;259,7047091;68,7810292;49,99991858;-242,6593115;-257,4528906;-360,6175071;-396,8165892
0,000766819;248,526576;145,208678;145,208678;-44,92982545;-26,53891199;37,97227405;253,3373301;34,5993859;28,47642849;-213,9564803;-232,5193836;-342,2948138;-383,147991
0,000788728;240,6031806;137,7542821;137,7542821;-53,30840329;-19,949387;47,4056369;243,2719512;21,54892321;13,77897653;-184,5044638;-212,1932349;-329,1980596;-363,6585596
0,000810637;230,8174095;124,094917;124,094917;-65,20635168;-15,48793211;62,23010477;230,3152863;23,49370201;3,977763006;-155,1849132;-194,5863381;-318,1387704;-346,8322456
0,000832546;217,990115;105,7811408;105,7811408;-80,13456018;-13,0095517;82,79297806;220,1388917;48,7827912;1,08418901;-133,5028217;-173,4752483;-298,3481593;-329,6326235
0,000854455;206,1047177;89,67932562;89,67932562;-89,31323522;-13,73759262;98,99512779;213,8816957;73,50691051;1,389007562;-113,8601372;-149,0416998;-273,0198413;-311,9029178
0,000876364;195,6303203;76,6671124;76,6671124;-94,86674223;-13,32600532;108,0578329;214,7160159;94,65908769;2,902166616;-99,54579488;-120,5299822;-242,2202374;-292,4094694
0,000898273;191,8284773;67,39683996;67,39683996;-98,87080387;-12,64916227;106,6961761;218,9128679;100,4326496;5,159281807;-90,5091145;-101,2404047;-215,0503151;-273,5501177
0,000920183;189,7358171;59,44541972;59,44541972;-103,8389634;-20,20294152;104,6616642;226,3558997;99,70375021;7,864987677;-83,80706167;-84,841778;-192,9004989;-254,708842
0,000942092;186,8317757;51,05521337;51,05521337;-109,2555474;-28,70513244;105,4833173;227,685725;89,61239929;10,62000426;-76,72504931;-69,75550415;-178,8234989;-233,0756488
0,000964001;179,3222311;43,26195249;43,26195249;-114,5089741;-38,09363115;111,372888;226,9870261;76,82994063;5,222012876;-64,565614;-56,40371135;-169,4092946;-211,1197075
0,00098591;167,3485618;37,04866677;37,04866677;-119,9695655;-47,78947901;121,5647103;223,8940863;63,37165911;-2,051095375;-50,07418527;-42,83754175;-161,3986456;-190,5706292
0,001007819;151,7938921;34,98136134;34,98136134;-128,4163206;-57,25818442;134,5402818;216,746553;52,28079223;-10,011509;-38,83552289;-34,58103979;-153,5658494;-169,3174495
0,001029728;133,1517618;33,90935887;33,90935887;-137,3635247;-64,88795856;138,0395513;206,880706;40,77604068;-20,72084658;-29,16538638;-30,95917293;-143,9927104;-147,9286087
0,001051637;110,9436661;34,06337673;34,06337673;-145,6615589;-72,56647393;137,9975401;190,085812;26,83888335;-30,51040449;-20,05401122;-32,33020137;-133,055206;-129,2157131
0,001073546;93,75309162;31,72851106;31,72851106;-156,8785274;-81,23481484;134,1466592;169,8270461;3,668420372;-39,87466023;-11,55947522;-38,87367431;-123,2585897;-115,1398101
0,001095455;78,90994085;22,10014477;22,10014477;-168,3742042;-92,28203969;127,9181288;147,1190047;-23,47784903;-48,46769098;-3,561127513;-46,88937079;-117,2759988;-104,7571594
0,001117365;66,08303444;4,552655106;4,552655106;-181,4634435;-101,8756806;121,0152744;123,4332336;-55,82351229;-56,00014595;-1,705610223;-56,83991243;-117,5080686;-92,90112301
0,001139274;54,14908338;-21,34630766;-21,34630766;-190,4635454;-110,7474511;115,284154;102,5310465;-83,08299151;-60,60371405;-5,823687615;-65,83183451;-127,2863205;-77,40464687
0,001161183;39,42729538;-48,04867296;-48,04867296;-196,471751;-110,3670359;106,9988652;85,77706961;-106,6210634;-66,26351408;-12,91490479;-74,89968133;-137,730529;-56,80336483
0,001183092;25,88528596;-75,35760789;-75,35760789;-201,9699024;-110,0860261;94,53865033;69,31346701;-121,6139132;-69,34328551;-22,63553133;-87,07488576;-143,2654361;-26,28355238
0,001205001;10,79017865;-95,41385458;-95,41385458;-204,3514378;-109,3630263;71,87176151;52,54224175;-138,21193;-69,53855065;-32,90245905;-99,35814722;-144,9647456;3,309085347
0,00122691;-11,28259999;-111,1926433;-111,1926433;-201,632626;-110,0855346;51,12007416;34,87234135;-154,7082845;-75,82088229;-42,62677376;-112,3651933;-145,5571539;27,28544417
0,001248819;-35,13809143;-111,8541384;-111,8541384;-196,5295805;-111,5648306;36,60106218;18,14889327;-178,1786768;-82,10413227;-54,78970404;-120,8225956;-149,2852227;43,88008715
0,001270728;-56,4754655;-110,4856827;-110,4856827;-192,6560206;-115,9091241;32,09278603;1,898352344;-201,5100669;-82,21138796;-68,33110915;-131,8212554;-152,191374;58,13182688
0,001292637;-69,73835188;-108,1119682;-108,1119682;-189,9177703;-120,8797479;30,43206648;-19,59813135;-221,7300466;-83,18921803;-83,56875172;-146,531424;-153,2636539;68,20733231
0,001314547;-78,77657345;-112,8444765;-112,8444765;-189,0966717;-125,930032;26,51835571;-45,42933955;-238,4359664;-85,07618047;-98,85533021;-164,2056845;-149,8269773;84,35282731
0,001336456;-91,66599431;-119,6240964;-119,6240964;-187,353451;-131,9132607;16,41944015;-75,97033269;-253,2001671;-92,99320797;-112,6419388;-181,1989902;-145,3848448;105,3989678
0,001358365;-106,1607498;-129,7225397;-129,7225397;-185,0804154;-136,3831162;-2,374326038;-113,8030876;-266,2834432;-106,7723392;-120,5330437;-191,855837;-140,9028808;134,2523832
0,001380274;-122,0773517;-140,6756709;-140,6756709;-181,4366303;-139,6494347;-21,96123978;-151,3974058;-281,468955;-124,4605439;-132,071176;-200,7159975;-140,6400387;156,5463712
0,001402183;-138,8030984;-151,7852231;-151,7852231;-177,4356497;-137,0346907;-39,49622216;-184,5333105;-299,0183662;-142,7437638;-143,0255352;-208,4491712;-143,0660848;168,4629739
0,001424092;-156,5079892;-157,3836381;-157,3836381;-171,6779327;-130,1191409;-52,87314779;-206,9819707;-316,9894777;-160,728228;-150,3847014;-216,5887545;-150,7116171;161,3661323
0,001446001;-175,1344586;-160,6167724;-160,6167724;-165,7362972;-118,3264525;-59,29894063;-220,7344663;-333,4281588;-177,5709325;-159,6029842;-226,335108;-159,8631715;149,8630927
0,00146791;-192,8029697;-159,8437478;-159,8437478;-156,0311907;-103,1012616;-63,98674825;-224,0355327;-342,8531095;-196,6976607;-170,648088;-237,6936492;-170,3194273;135,109922
0,001489819;-212,9230204;-156,6998845;-156,6998845;-144,0898251;-86,84073968;-66,73796111;-223,2218622;-347,5430245;-219,0367959;-187,6705391;-250,0883906;-185,5574256;133,1903181
0,001511729;-232,8449135;-154,738477;-154,738477;-124,5109784;-68,50905973;-74,99467021;-218,6516815;-348,3114757;-245,6637293;-204,7929409;-259,6771032;-205,3336707;143,6518912
0,001533638;-252,2331614;-155,8842469;-155,8842469;-105,5617217;-49,71315644;-85,34144307;-216,356283;-347,9504853;-265,3906785;-222,0334223;-264,325002;-233,5904557;172,8501662
0,001555547;-265,7235447;-158,9728902;-158,9728902;-85,83993019;-30,51801374;-98,11732006;-218,0766497;-347,6270444;-281,9843263;-241,9510314;-269,3369862;-260,70084;200,5542147
0,001577456;-279,2284184;-163,1243631;-163,1243631;-68,73180593;-8,842573317;-108,8071834;-221,6273594;-347,9284343;-295,1849861;-265,0787522;-274,8461446;-286,3538041;222,9456495
0,001599365;-291,5516589;-165,7428334;-165,7428334;-51,59557551;10,49160514;-117,2608581;-223,6302783;-348,4897668;-314,6876831;-291,4472618;-283,7087829;-308,9717851;223,496333
0,001621274;-303,8265743;-162,5810281;-162,5810281;-35,97293119;26,74209716;-109,436092;-225,4928658;-349,123266;-336,4188971;-316,1912113;-291,8944193;-329,1769278;213,1793095
0,001643183;-315,2102402;-153,2822753;-153,2822753;-17,32214751;44,55465339;-100,7445002;-228,7258204;-343,2372146;-359,6271788;-337,3356866;-299,1223983;-348,1924933;195,9235761
0,001665092;-323,1159806;-135,0217873;-135,0217873;4,204359063;62,29267589;-94,50711523;-234,2669906;-332,3832605;-370,9709952;-351,743497;-308,3638636;-359,3981928;173,6719587
0,001687001;-327,4444463;-114,3983581;-114,3983581;35,5997504;85,98639815;-96,76064069;-242,3184266;-316,7011182;-375,2204455;-367,5201754;-318,9502183;-369,1083656;149,3151088
0,001708911;-329,7706765;-92,81490926;-92,81490926;68,68082231;105,833966;-101,3154916;-246,0434991;-297,0976287;-368,752549;-382,5213957;-331,6192738;-380,5207146;122,828524
0,00173082;-330,7986858;-62,23106107;-62,23106107;102,7707855;121,1402594;-104,7949693;-246,1033482;-275,7072762;-350,0982704;-394,8403716;-345,3955984;-394,0624399;95,90134555
0,001752729;-327,9510908;-26,04946741;-26,04946741;136,4824314;127,0073673;-97,44860441;-235,0320155;-251,7105019;-326,82449;-403,4665933;-359,8761215;-409,4915324;70,97387189
0,001774638;-321,3457053;20,19564017;20,19564017;166,314067;132,9391402;-82,08830097;-217,2874183;-225,1149436;-304,4556729;-409,4947111;-374,6386722;-422,3962471;47,48672118
0,001796547;-307,7036716;65,25106467;65,25106467;190,4873837;138,8777104;-60,59258971;-195,1083543;-196,0781405;-289,7039128;-410,1073232;-385,9385774;-434,0530483;24,25750429
0,001818456;-290,8195675;108,9800348;108,9800348;209,4367988;145,4440838;-41,69877455;-166,8939352;-163,1748661;-277,2744663;-406,7615806;-394,5950273;-444,0463678;1,546042165
0,001840365;-269,138197;145,1967025;145,1967025;223,9830505;155,4749332;-29,86485014;-137,5464323;-133,7909581;-266,7832692;-399,9037979;-397,3494878;-449,6611876;-17,6309401
0,001862274;-242,9123956;177,427676;177,427676;227,7750077;167,2369978;-21,70671364;-107,5948899;-107,7071387;-257,427901;-388,8524159;-396,1952222;-450,6749323;-40,99100524
0,001884183;-215,4680331;203,4727716;203,4727716;228,5111469;179,5123356;-14,55012393;-83,8675966;-90,43710122;-248,1072603;-375,7044471;-388,7209518;-447,7218658;-67,31227193
0,001906092;-183,5313564;218,9060682;218,9060682;227,9484273;194,870139;-11,20710335;-63,11470267;-75,30706585;-234,7882837;-360,9490207;-376,2892782;-442,4170623;-94,26190803
0,001928002;-153,1870522;227,2484415;227,2484415;228,7082091;212,6652073;-8,125220209;-47,47597946;-62,72294333;-211,0768656;-340,957462;-362,5393057;-434,4699733;-120,324748
0,001949911;-123,995592;221,0398508;221,0398508;231,2324542;232,8047801;-5,586989469;-35,13743298;-44,58428594;-179,6179312;-318,4859187;-347,9196855;-422,8186308;-144,7439494
0,00197182;-99,14223012;213,2178492;213,2178492;235,4057119;246,9781366;1,332794464;-25,62631551;-23,85021418;-132,4475877;-291,5681348;-330,800309;-408,357969;-173,561845
0,001993729;-75,80442812;205,2853176;205,2853176;239,5378594;255,6545704;13,59250436;-16,99644664;-3,386274661;-96,38698662;-260,6209935;-311,4342043;-384,942336;-203,7590889
0,002015638;-54,43558839;205,5445075;205,5445075;242,4646737;246,6242163;38,36356458;-7,715337601;13,45355718;-68,14123997;-227,8725376;-285,0149023;-359,9537945;-236,1864291
0,002037547;-32,68393356;213,4021874;213,4021874;242,4962193;232,2317866;66,35447003;3,048550223;26,21223382;-58,11125728;-191,7860893;-250,3888201;-325,653503;-264,2021542
0,002059456;-9,432159481;229,1687469;229,1687469;239,4544047;212,5867783;96,3615238;12,53031665;37,71006684;-44,61102156;-154,1671798;-206,0454692;-288,7387203;-291,065378
0,002081365;16,1148935;250,7147889;250,7147889;235,6829564;197,991367;118,405867;25,04802416;50,20761593;-29,04612108;-116,9477659;-152,3273542;-251,2970451;-317,6698579
0,002103274;41,15981028;268,4569741;268,4569741;233,1361043;193,0299117;136,0844858;45,18384249;68,97400533;-11,93515412;-82,06000044;-99,4900783;-222,3007463;-336,7516849
0,002125184;64,94041706;277,484533;277,484533;229,5313598;198,7709238;144,9267998;62,79595357;88,31374863;5,858814529;-46,46848663;-51,17319852;-198,6855919;-351,7172524
0,002147093;85,36583139;271,1461548;271,1461548;224,874055;220,8077812;145,1970969;80,45219702;108,174073;22,8805861;-11,67462883;-12,45919418;-189,509;-362,5764438
0,002169002;104,4188648;259,1329074;259,1329074;212,94129;245,500364;141,2209015;100,8107917;123,0518854;37,93458307;18,67740297;20,68353995;-179,9337942;-373,9442224
0,002190911;121,6247185;241,8711243;241,8711243;205,2919131;273,1044106;134,8589096;117,7024075;141,0092307;50,31409194;48,88346308;42,13848299;-166,80757;-384,9840342
0,00221282;139,4950873;236,2142968;236,2142968;204,4439829;289,9028997;126,854009;132,1846473;164,5931746;62,83250381;78,99213397;57,49459954;-141,9393258;-389,7202176
0,002234729;156,9771735;237,6356131;237,6356131;206,2267366;299,7354235;117,6200189;129,5872715;184,1054179;73,52537778;100,8430243;64,48385231;-110,5654434;-386,2623909
0,002256638;171,4550176;242,7605018;242,7605018;207,9150219;299,8772562;108,2339771;122,5800999;198,3327086;83,51168509;120,4826626;68,70099122;-74,12091211;-372,9951562
0,002278547;177,6714861;244,2984117;244,2984117;208,0044808;288,8968727;100,5343074;108,1557399;198,9264615;91,85064165;137,4354323;74,14054124;-39,91464199;-359,9317565
0,002300456;178,5808047;241,7936922;241,7936922;209,0937929;274,1383906;93,35723527;97,74782338;197,2108764;101,145455;149,3741204;79,13069141;-7,625872168;-348,9323484
0,002322366;177,2782765;229,8994811;229,8994811;210,5329082;255,7383655;88,86954159;87,56692157;194,1310536;109,2211209;159,5872719;85,53544044;16,75490634;-343,7849843
0,002344275;178,0154076;214,5794635;214,5794635;209,2948597;230,7417695;86,61368792;74,08961121;185,4638566;116,2467919;167,472074;92,27809132;40,00563788;-335,5641979
0,002366184;181,4945571;194,0887522;194,0887522;205,8140655;202,5646854;76,64861173;58,5178093;176,071706;123,0169008;173,1697373;103,4219886;62,0997221;-324,6071862
0,002388093;187,9603597;171,5936297;171,5936297;200,3322044;170,374046;66,85402677;41,80589921;165,7711261;129,1219846;177,6739962;115,4685831;82,72621613;-305,1381988
0,002410002;193,1477847;148,6580582;148,6580582;181,5734969;134,7416702;57,18801946;33,40862495;152,1194052;135,7755796;180,4434836;128,9750316;98,50241571;-284,0192158
0,002431911;194,7250042;127,9886753;127,9886753;155,5898355;97,15279627;48,35836981;27,74606666;136,1242267;143,5228599;180,1352184;142,1322613;100,3845811;-258,1491786
0,00245382;193,8482648;103,9819944;103,9819944;118,5672087;54,94601487;41,43834562;24,7677462;117,8979151;144,4720563;178,2617633;154,6198289;89,47185381;-224,5699794
0,002475729;192,3753851;77,85318901;77,85318901;74,28937871;8,766658676;32,26446601;22,51505469;98,77312754;139,686365;169,8079583;160,1865063;71,92842268;-189,3046121
0,002497638;191,4464706;50,77193605;50,77193605;28,73835917;-38,75123548;22,27672343;19,04213172;79,75427129;139,9335673;159,7434516;164,5276546;50,50859687;-153,5971623
0,002519548;191,0798752;22,92146791;22,92146791;-14,20699594;-84,21029457;10,63969069;11,86307482;68,58701283;138,5755177;149,7296569;165,0656368;32,15403666;-130,4677976
0,002541457;190,9378977;-5,584100108;-5,584100108;-50,00082985;-128,7817067;-4,586802474;3,493884413;65,83976623;137,0063971;146,4017061;157,9886946;16,59589428;-113,911968
0,002563366;190,5665738;-36,24687837;-36,24687837;-81,22380419;-172,6078841;-22,69521067;-5,213775048;74,14903752;130,6761007;145,0044314;147,41589;5,482685685;-104,6442203
0,002585275;188,9030934;-65,42889901;-65,42889901;-114,9706776;-211,4281737;-45,13786379;-11,20996667;91,55973669;127,4636331;144,5278901;134,8984251;-4,816245656;-99,2977481
0,002607184;186,1143978;-90,7164309;-90,7164309;-147,6643287;-250,9172338;-71,80147769;-17,38814128;109,4215086;128,7996443;136,0666009;122,6255352;-14,12536418;-93,53197578
0,002629093;180,4515374;-111,4780661;-111,4780661;-179,6979601;-290,4611178;-101,783957;-23,71445653;123,8058418;131,7745413;125,4607931;112,5957536;-19,58691618;-86,53439245
0,002651002;175,105779;-130,4412652;-130,4412652;-207,7117367;-325,709505;-127,7190777;-33,69908278;131,527705;134,9156497;113,3822188;101,1509221;-21,21768461;-76,16991512
0,002672911;170,6420217;-149,0571152;-149,0571152;-234,1890463;-353,5313983;-151,2466018;-41,28420727;135,3873634;136,5133679;102,8787279;91,83158433;-12,16064188;-66,21487136
0,00269482;166,1935579;-163,0278083;-163,0278083;-258,3828551;-374,2641569;-161,4601753;-43,59801913;133,2272955;141,4754094;94,51666988;83,68054361;-0,354903946;-58,92314293
0,00271673;161,1525449;-173,2238837;-173,2238837;-279,9350605;-374,6381139;-175,4259688;-38,15663507;127,2918014;148,6791007;88,45342934;76,85247646;12,57831619;-64,46728267
0,002738639;152,2081311;-180,0813649;-180,0813649;-299,4436885;-365,1381015;-190,5166213;-28,57450057;117,8361072;156,4503299;95,62716504;71,27761868;19,05886483;-74,80918676
0,002760548;141,6547019;-183,5867001;-183,5867001;-314,8625396;-345,5025441;-207,708917;-12,21207114;107,8573028;156,0978703;108,449976;67,61274504;23,82216843;-88,32112304
0,002782457;129,4153915;-183,3946523;-183,3946523;-326,128066;-321,5571529;-220,2058569;3,82805131;97,33381309;149,5972254;126,7066834;69,90545834;26,86134927;-92,81841217
0,002804366;115,526284;-187,6398656;-187,6398656;-334,3863183;-291,8594408;-226,5549801;19,70952874;85,90055531;137,7998403;139,6357571;79,50908525;34,52325762;-92,6525056
0,002826275;99,85766812;-193,6265224;-193,6265224;-332,5192882;-256,0708005;-226,4816341;29,40770194;74,52632899;123,5549748;149,1430972;94,6042705;42,07553082;-91,05640878
0,002848184;82,89073426;-200,3704209;-200,3704209;-327,8821193;-226,3000813;-223,4045852;34,31753167;61,97286107;108,4269637;152,5676724;110,2437781;48,15857273;-86,06898957
0,002870093;74,11463385;-203,1431978;-203,1431978;-319,3887984;-199,1604181;-210,7436303;33,21629279;44,26537319;93,43810658;153,0562244;125,9416432;53,87084224;-80,01139712
0,002892002;69,02796673;-202,866575;-202,866575;-304,5764298;-174,5620138;-197,3695826;26,31437997;25,35740222;79,2865747;151,5463141;142,2232277;60,00114896;-80,89032483
0,002913911;70,3727604;-195,919667;-195,919667;-287,7868837;-147,6183547;-183,0112264;19,22226237;6,106761041;67,98435558;150,723906;157,5726101;68,6232625;-81,41080768
0,002935821;72,22520579;-186,8231423;-186,8231423;-269,297581;-122,2029467;-163,533443;14,4249732;-2,437999658;60,75158956;145,8621976;165,9988593;77,26797901;-81,94428712
0,00295773;73,04400526;-176,0199818;-176,0199818;-251,8644261;-97,56160199;-142,5830658;15,83580824;-4,801673411;58,66550159;134,6668587;171,5196138;85,77586634;-87,69333091
0,002979639;69,70550356;-169,3169231;-169,3169231;-235,285431;-78,60731563;-116,0286395;21,04285136;0,603500992;61,81103976;115,6825177;172,9914148;90,94022412;-95,26765188
0,003001548;62,03416289;-160,9028848;-160,9028848;-220,8696599;-62,93240066;-91,13524052;31,00196859;11,95111785;59,88043203;97,59107648;168,8681535;95,16069615;-104,4857815
0,003023457;50,92920024;-150,1378915;-150,1378915;-205,6287425;-48,79581671;-66,43937669;43,92547586;19,41209518;55,93504052;81,14042172;161,4028863;98,3211853;-110,9333533
0,003045366;30,57926949;-134,6915966;-134,6915966;-189,6392936;-37,86196181;-42,9431931;59,23784374;14,18810626;53,65163793;78,96192343;149,120348;96,09861356;-114,8556302
0,003067275;7,945514572;-118,1470179;-118,1470179;-172,0078223;-28,27141203;-20,1975197;74,08574845;8,683485165;55,73173315;83,4514308;136,6937276;93,10795715;-115,2530279
0,003089184;-16,70816372;-101,3568258;-101,3568258;-155,8385378;-20,62720712;2,590848053;88,1769683;3,064709776;63,11106177;97,2458608;124,1343338;90,16578191;-115,5717313
0,003111093;-36,09162732;-86,25330356;-86,25330356;-142,6144343;-15,76394294;21,12503003;101,0756917;-2,436635465;69,76655942;104,9051903;113,0899939;91,45150579;-116,3002459
0,003133003;-52,99922032;-72,4351219;-72,4351219;-126,8369567;-15,68432704;37,13983601;105,5391703;-12,89893116;73,71010599;106,1944721;102,9343274;94,1847007;-117,7991184
0,003154912;-66,21603069;-60,85922424;-60,85922424;-110,3526516;-21,49971419;53,13994585;105,9496277;-27,88206096;76,50657799;92,95573706;93,05779802;95,75401639;-116,6652579
0,003176821;-78,69161742;-52,79428824;-52,79428824;-95,78909996;-23,51265638;69,10443776;98,53125881;-43,23986066;83,98154601;75,13292929;81,12733761;93,53048667;-115,3686313
0,00319873;-90,62758876;-47,47537595;-47,47537595;-87,2951335;-25,55121934;84,92859629;85,38991105;-58,47211357;90,69415601;55,04637776;68,51596748;88,3164211;-118,6630305
0,003220639;-100,6026265;-55,16608649;-55,16608649;-83,09145819;-18,87603077;91,86223244;68,26498439;-73,36356252;100,5667979;31,74891637;51,6444838;80,01447271;-122,7326953
0,003242548;-109,5441568;-65,57606311;-65,57606311;-85,25000847;-10,90768198;95,5231876;48,33460291;-100,5261379;110,6188073;8,200192968;35,73410646;72,97114854;-126,915326
0,003264457;-117,8389681;-79,46199369;-79,46199369;-81,94514381;-2,438075095;94,9851042;30,61445487;-131,538327;111,3228984;-14,29933328;19,68078318;67,85544641;-125,5162037
0,003286366;-130,1921967;-89,75982346;-89,75982346;-71,88678472;2,18865732;88,51089683;16,06407135;-164,2460281;104,4778841;-36,25828993;1,565034377;59,20677976;-113,8719338
0,003308275;-141,2826135;-97,32984532;-97,32984532;-52,52369338;5,126732079;80,6252486;6,093142145;-184,4447148;85,46822938;-56,80274199;-17,04439201;48,49441786;-93,43071318
0,003330185;-151,6231145;-98,85598871;-98,85598871;-31,81236711;5,328103201;72,18100433;-2,179537857;-196,1159016;65,81868517;-77,77573638;-38,53442547;33,92870534;-66,73862829
0,003352094;-157,9156102;-92,59594275;-92,59594275;-10,98653001;5,189455871;63,42911472;-9,253406154;-193,9092571;41,11568643;-100,5431528;-58,64625124;15,91295839;-42,60468766
0,003374003;-162,3569325;-82,39898879;-82,39898879;1,465581423;3,247855008;54,32874844;-18,42842895;-189,9803869;24,64828177;-125,3203586;-77,13053001;-3,588876508;-22,02470709
0,003395912;-163,7981772;-66,63631886;-66,63631886;8,908803091;1,179533027;43,21353489;-28,26462682;-184,22955;16,32049573;-153,9032793;-95,70255926;-21,05747009;-18,29604299
0,003417821;-158,4616234;-52,15494455;-52,15494455;5,702111221;0,880359904;30,82824286;-35,39429164;-167,0493149;8,289416353;-183,1177811;-114,0194385;-36,7627342;-18,65776048
0,00343973;-151,2099135;-38,81681812;-38,81681812;-1,638023836;3,270959957;17,45791106;-37,50465802;-147,7612147;5,295016288;-214,0496477;-131,7256247;-50,71367766;-22,9377357
0,003461639;-142,0029935;-31,46096587;-31,46096587;-12,11190262;4,658701955;2,806641963;-34,90039738;-127,4124735;-2,612339177;-252,8580227;-148,2501474;-56,3788967;-18,86790196
0,003483548;-143,5663047;-29,39008903;-29,39008903;-20,67438565;5,519571091;-9,797999862;-27,69145342;-108,9453708;-12,7548513;-285,4477671;-164,8245987;-64,13380622;-18,39763615
0,003505457;-151,0462372;-34,88834807;-34,88834807;-28,13172396;7,14894928;-20,05241892;-20,17103005;-92,51484517;-31,30440123;-311,6357511;-182,4547725;-76,45045744;-18,74936111
0,003527367;-167,3589998;-38,83868889;-38,83868889;-34,16419079;8,203953041;-21,09672516;-12,64210175;-85,65869851;-56,70567487;-324,6073782;-201,3386002;-90,29624553;-22,47405653
0,003549276;-175,1422334;-41,26667547;-41,26667547;-32,33049942;6,846411125;-20,13865812;-10,74186624;-80,83343419;-91,31596608;-332,3340517;-221,2145391;-103,7193189;-23,45991269
0,003571185;-176,0330231;-40,39800438;-40,39800438;-28,81751071;7,065308843;-17,06343355;-11,28602386;-77,76740072;-134,1183685;-332,9299365;-241,6173486;-113,352979;-23,5284271
0,003593094;-178,6023044;-41,31120599;-41,31120599;-24,67042492;8,844190809;-14,64562687;-13,640847;-70,79147589;-172,4715294;-329,5794518;-258,3471216;-120,3390542;-19,68939301
0,003615003;-182,2874827;-44,51429318;-44,51429318;-18,97186607;12,47820946;-12,6347614;-7,814810051;-60,3410851;-197,9711513;-327,4797783;-270,8454154;-126,7526938;-14,94565686
0,003636912;-187,7903493;-58,0881912;-58,0881912;-12,3774968;15,04729278;-11,44328666;2,356625504;-44,52034916;-213,7124304;-326,4297118;-283,7556022;-145,9193808;-10,48209748
0,003658821;-196,3648909;-74,50757486;-74,50757486;-4,104403419;17,95606425;-16,47227293;13,3081838;-19,9454997;-223,2881887;-325,6979802;-295,8539881;-171,4493592;-2,728390754
0,00368073;-205,8899098;-93,55380175;-93,55380175;3,783776749;24,92207111;-24,1392098;23,55394915;3,541997688;-236,8618518;-325,9506503;-306,0159407;-203,6501687;5,38023544
0,003702639;-215,7378994;-110,7016977;-110,7016977;11,35575806;32,93218576;-29,17287245;34,05199058;14,43443663;-252,1535452;-322,7290472;-307,6891245;-228,2722736;9,320338268
0,003724549;-218,8834873;-124,480179;-124,480179;14,23750727;39,61482474;-28,17875522;41,17101704;14,15931987;-262,9560074;-314,2602404;-304,7076923;-245,43091;11,01506613
0,003746458;-218,5361002;-132,3594874;-132,3594874;16,20667735;44,39311519;-22,08384103;46,58163589;7,066088154;-270,5679814;-302,0032541;-294,2972862;-248,1326337;3,266755653
0,003768367;-213,3271604;-134,3982502;-134,3982502;17,02290161;48,52642057;-7,895610969;47,95287672;-3,461696602;-277,066309;-293,3946508;-280,9236805;-243,9907664;-6,418848521
0,003790276;-206,2269713;-131,6597118;-131,6597118;17,93432478;49,63228464;6,963534599;47,49707183;-11,54785975;-279,2294763;-288,1679249;-265,5225452;-237,3715613;-21,60164651
0,003812185;-197,4056764;-119,6721476;-119,6721476;17,55059365;49,11581045;21,93597881;46,08836346;-16,8177328;-275,0681438;-285,3801065;-255,2446923;-230,9992391;-35,83607609
0,003834094;-186,694567;-108,2761805;-108,2761805;12,58157811;42,85214102;30,39790678;40,61087479;-15,93780167;-264,9615516;-280,4868253;-243,6077875;-224,2646364;-50,03598566
0,003856003;-178,0579568;-97,58669855;-97,58669855;7,43422801;37,57887751;35,54212433;33,39363356;-13,96558235;-246,2288463;-271,4627402;-230,2155145;-216,9541067;-68,21005386
0,003877912;-171,7194976;-89,26661018;-89,26661018;1,967059395;37,40663416;36,06979282;24,01212664;-11,45060959;-232,9311769;-257,4153641;-215,0336142;-191,7801634;-92,92383881
0,003899821;-167,7968272;-83,8119376;-83,8119376;-6,47168804;39,12047412;37,82407283;16,15970574;-9,898229204;-224,0100771;-232,6020424;-200,0077256;-157,0044334;-114,8640978
0,003921731;-165,657763;-81,07717275;-81,07717275;-14,53227593;38,02442666;38,08277838;5,96455436;-8,910155073;-228,4201218;-198,4557358;-186,184324;-109,5297307;-130,7793409
0,00394364;-166,5349983;-87,40756109;-87,40756109;-22,20209174;34,63069088;29,80047748;-8,483822386;-9,190035858;-234,5517582;-145,9728703;-171,3264951;-69,0803412;-138,5664155
0,003965549;-166,3039347;-94,82735197;-94,82735197;-30,53112776;27,43748684;15,1224246;-15,47906804;-9,060992839;-243,8879104;-95,86925923;-155,4636658;-32,17043153;-142,7973526
0,003987458;-164,5121733;-102,7291872;-102,7291872;-39,74182018;18,37661319;-3,383253838;-18,05270834;-8,530569232;-234,4969725;-52,2985305;-137,9168431;-1,755477909;-144,8585326
0,004009367;-158,0962451;-104,9826436;-104,9826436;-50,5371614;9,099604458;-23,22434501;-11,49053515;-4,300690381;-220,7997259;-31,5049178;-120,4123167;26,95910153;-145,2541975
0,004031276;-148,9985223;-104,6265093;-104,6265093;-61,23620242;0,808518553;-43,94693525;-5,502747988;-1,070375942;-198,4609021;-12,46764702;-103,0216935;54,55865805;-151,2251556
0,004053185;-138,4961177;-99,74161088;-99,74161088;-71,06890794;-4,635016113;-65,70812821;-0,78516587;0,236758675;-170,8520263;1,007401678;-82,29194456;78,54850646;-158,6731842
0,004075094;-125,9263289;-90,62025839;-90,62025839;-77,30458779;-7,538229499;-97,40966049;-12,77143248;-7,686949731;-142,6837312;10,87279507;-61,90560244;100,1263925;-159,6872552
0,004097003;-113,1676239;-79,07220967;-79,07220967;-80,51676243;-12,05300764;-131,6256569;-32,73558007;-19,72612126;-109,5862527;18,83456047;-41,9124084;119,6625438;-155,9374326
0,004118912;-100,0351588;-65,19933659;-65,19933659;-81,95652129;-19,27182026;-169,1498578;-61,55340014;-38,26411123;-86,04852675;21,37806201;-22,23417926;134,2671336;-148,8544933
0,004140822;-88,00211883;-52,31903173;-52,31903173;-85,16805458;-31,20098477;-205,3482135;-100,6797746;-54,27348773;-66,25081055;20,58908625;-2,491336718;145,205513;-138,2616168
0,004162731;-75,56320479;-40,44644521;-40,44644521;-85,72018889;-47,09197124;-240,7521781;-142,1773929;-69,21400008;-54,84034265;17,14891001;17,57429267;148,8762367;-127,6543433
0,00418464;-61,83144114;-24,5176532;-24,5176532;-83,21629065;-68,57812466;-274,5969123;-186,2750675;-91,18827007;-45,01181158;19,06787729;36,22634109;148,2482081;-117,0578744
0,004206549;-47,62574594;-7,493262601;-7,493262601;-76,44951145;-92,65927294;-300,2779417;-226,491137;-117,0180512;-36,98235751;27,12574967;53,3849093;148,9201177;-106,7548713
0,004228458;-33,37236937;10,85047274;10,85047274;-65,69241784;-117,2295028;-320,2944559;-263,9252822;-147,2871871;-34,2867621;42,30231787;64,35887713;162,035934;-96,01044111
0,004250367;-19,45272369;28,07025514;28,07025514;-47,36096149;-138,337267;-326,9270754;-293,5470483;-177,8252806;-31,88347649;52,81144357;72,89831622;180,8865467;-84,74641856
0,004272276;-7,472148493;44,99901478;44,99901478;-23,76879189;-156,3599542;-330,617151;-318,2403932;-208,0814069;-29,01781584;59,2616904;79,56188263;203,3388593;-72,98469951
0,004294185;3,452344367;61,84717886;61,84717886;1,973877588;-168,3478151;-332,2892872;-339,232367;-237,3386307;-27,2637656;54,13826617;81,97323463;212,8233957;-61,51271201
0,004316094;14,5319779;81,46715418;81,46715418;28,72992257;-176,0294984;-332,5756773;-350,3851715;-256,8170145;-28,27770507;43,98815132;81,83324526;216,5889416;-50,50355783
0,004338004;25,87998084;103,056235;103,056235;51,60156381;-179,5080854;-332,3877108;-359,6171136;-270,5545374;-34,23124398;31,89497052;77,94892743;213,1211249;-38,15599794
0,004359913;37,72370236;127,3589931;127,3589931;71,58162476;-184,4499725;-330,7208132;-366,352597;-272,842479;-46,86702662;28,7817626;72,45358627;211,9917858;-22,80235326
0,004381822;51,06174561;152,3136713;152,3136713;85,95226278;-188,1413376;-317,6049666;-365,2019553;-274,4884984;-64,77241413;34,49810786;66,9561762;212,9123908;-1,349052571
0,004403731;63,75933676;177,8122018;177,8122018;97,33729253;-190,1244405;-299,8317179;-356,4918446;-275,5565473;-83,31987491;51,3351584;62,04657161;218,1510838;26,71946176
0,00442564;75,23579789;198,3724946;198,3724946;109,7744957;-177,7048304;-275,7709516;-332,1293396;-264,4621536;-101,2028004;56,49495192;57,10015998;214,0289364;56,14673081
0,004447549;87,79787591;215,8650043;215,8650043;120,0562477;-161,9415456;-256,7505585;-304,5566504;-247,5805339;-119,2107677;53,55166458;52,04374296;204,713965;83,66449834
0,004469458;100,2304702;228,9470069;228,9470069;128,4219927;-143,0257158;-240,4216202;-276,5313112;-222,5523299;-146,0296753;40,54219336;46,25346061;185,6596921;109,6577603
0,004491367;111,9301929;237,6108935;237,6108935;129,3933399;-129,9109007;-228,1463894;-254,1930211;-204,2844296;-177,8428306;28,46646796;42,59650008;168,1169299;135,0086587
0,004513276;118,9011664;247,7388648;247,7388648;135,775878;-118,3744707;-218,9622081;-233,1736943;-188,4650996;-213,4336604;16,28969228;41,14437607;151,7434495;160,4086028
0,004535186;123,3503237;269,7254089;269,7254089;146,3824225;-108,2823762;-210,447252;-213,1953806;-175,6342438;-244,9942493;12,11351584;43,9262168;139,6778718;182,1118263
0,004557095;123,541378;294,666259;294,666259;159,1386291;-101,7071303;-190,6789337;-192,9214139;-163,2537168;-269,4533694;9,773325264;46,59501022;126,6331062;201,5105504
0,004579004;122,9796454;320,5890563;320,5890563;173,7479079;-92,41462981;-163,9482365;-171,1584383;-150,9308477;-290,1813584;11,86956179;47,58639523;112,7442727;220,037276
0,004600913;121,4807913;335,6242423;335,6242423;189,633496;-76,40786997;-130,8640979;-147,2021751;-134,5023128;-308,8764089;11,00577358;45,57197509;111,2086005;230,9398226
0,004622822;116,1179943;341,7479732;341,7479732;205,9378523;-52,09566986;-97,40970388;-117,3083735;-119,4289842;-326,9097142;5,288658349;42,81101243;116,6917575;235,5036475
0,004644731;110,4460589;337,9393216;337,9393216;220,9415712;-26,37586257;-65,46051745;-84,70816568;-105,7921905;-337,9272378;-10,53677026;45,3274336;135,7804905;234,3239565
0,00466664;104,8377662;329,4862116;329,4862116;233,4479427;-2,113602995;-35,66156717;-47,84202401;-88,19728443;-337,3878277;-35,52334162;50,82557151;158,0940168;233,2966047
0,004688549;100,6989851;320,7681885;320,7681885;245,6498953;19,0982659;-6,182874532;-13,1531019;-69,92099388;-326,2234471;-58,78663542;58,7610582;181,1921009;232,4503902
0,004710458;97,92449044;312,8504185;312,8504185;258,1116786;37,42171119;23,85638762;19,87397942;-50,97140995;-310,2963366;-68,35207851;65,7984826;184,8981368;225,1778535
0,004732368;97,87711285;311,5459108;311,5459108;259,7417326;49,81524986;55,36260132;45,63473193;-36,54539284;-293,6965495;-69,69600963;71,11275242;183,0164664;216,2229343
0,004754277;97,99596671;313,9510626;313,9510626;255,3705579;58,79246051;78,17467377;69,29313881;-24,29645703;-276,2916655;-67,15171204;73,93112272;174,8789188;205,3848489
0,004776186;98,85619817;321,2566628;321,2566628;244,9522687;64,33900682;96,30089181;90,92514305;-15,17846069;-254,8946761;-52,18714623;72,04094848;160,7508215;212,7059753
0,004798095;102,0700464;325,9792654;325,9792654;225,6453968;61,49141743;107,9564953;110,6400349;-5,603310068;-232,8443122;-38,22938112;69,0991679;146,255467;226,0456585
0,004820004;106,368975;328,9701824;328,9701824;205,1334735;52,74361832;118,4775882;128,5887844;4,290283169;-215,9192519;-25,29672409;64,80069408;132,034272;246,0358502
0,004841913;111,5278578;328,9712237;328,9712237;183,2281479;41,18509243;128,1191323;143,2778863;10,56876284;-204,6113697;-9,828101755;61,31725922;134,2458791;267,2259451
0,004863822;118,6223154;325,5174259;325,5174259;164,5359452;29,13239616;132,1952735;158,362159;22,71431445;-200,0011899;5,584690993;58,61857802;145,1218757;288,1525195
0,004885731;125,3894263;317,9102655;317,9102655;146,9197895;29,03582115;134,8990155;173,0720915;43,65995686;-188,8146187;20,3781248;58,67975242;169,6195474;307,3568081
0,00490764;131,3192879;303,5960839;303,5960839;137,2903356;37,50221819;135,9811564;185,7294522;64,91620141;-174,4987706;37,45930614;59,09425543;185,6893398;323,0511478
0,00492955;133,6488544;286,641245;286,641245;131,9579165;60,22557176;136,5044931;195,6912575;86,48037579;-155,5450676;56,18183208;59,85004403;195,4530605;337,136115
0,004951459;134,4350982;265,5683387;265,5683387;131,2916204;79,88935518;134,5154635;203,6294824;108,7450605;-131,580401;74,13067023;61,37542215;184,6981929;350,189486
0,004973368;133,7196917;247,1157072;247,1157072;133,4726493;96,965285;127,8951422;202,7666486;129,6736332;-106,6025511;92,5642004;63,5709894;167,5578662;362,0836699
0,004995277;131,2617993;231,262809;231,262809;136,8190357;105,6786888;118,5348137;200,5264115;149,6605505;-80,22858881;111,518453;66,81220468;142,3040506;372,6671623
0,005017186;126,7897193;222,9820632;222,9820632;142,5195326;107,7063943;109,7672602;196,5699888;165,8653399;-50,37138389;130,1035808;70,56241947;121,9492945;377,2869324
0,005039095;116,9397099;214,9458806;214,9458806;137,0365331;104,0081828;106,5262965;192,5221235;182,1776616;-19,64316808;140,6348064;74,58345615;103,1596322;377,4869255
0,005061004;102,3298845;207,0388619;207,0388619;126,2007338;91,74529153;105,6633844;189,3491032;198,5898069;10,13575222;142,3792053;78,84765218;85,72549131;374,2110849
0,005082913;84,60804762;196,1024594;196,1024594;102,7890524;75,34864952;105,1244946;188,2403281;208,7516061;40,84741628;135,3060901;82,45360327;66,89872271;367,2931032
0,005104822;60,49361507;186,4765359;186,4765359;74,66953518;55,02499799;95,96159356;184,8639602;212,4017908;71,62050963;131,7399148;85,39772925;47,55171577;360,7635085
0,005126732;32,62845629;178,4970741;178,4970741;42,03649336;31,81738367;83,13471773;178,9829849;203,8484495;95,24247423;133,8631422;86,31457538;30,80960081;354,6081535
0,005148641;1,328343384;173,23439;173,23439;13,03063553;11,5394256;67,27112418;163,5079197;187,7892426;112,9192459;135,9106753;87,74937909;20,41626422;350,1075288
0,00517055;-20,47553508;165,7957294;165,7957294;-16,99514853;-5,400155585;53,33857914;152,4524361;168,9850999;125,4580922;136,340408;89,80956291;15,71332394;345,8100881
0,005192459;-39,64239199;152,0642646;152,0642646;-49,04866309;-18,63391182;36,92667345;144,4697135;149,7723911;137,5359906;133,571155;88,67464895;11,41244815;341,6664616
0,005214368;-55,03129264;129,7728364;129,7728364;-75,59523241;-28,4841486;17,27546925;142,9520594;133,1474543;152,1880517;131,0856766;87,40235991;3,362292471;334,1065861
0,005236277;-66,74423106;101,5122987;101,5122987;-96,70152789;-34,10060615;-2,930106524;134,7224238;118,4137476;169,2022415;130,4903591;86,19346104;-11,22249008;321,0281283
0,005258186;-79,35608722;59,08522185;59,08522185;-108,7761739;-36,562067;-21,11828878;117,3369591;113,4816496;184,5317407;134,7383025;86,0147204;-22,9613387;298,3519185
0,005280095;-96,05274644;15,18522587;15,18522587;-117,7812803;-38,06379181;-34,58817141;90,01740342;111,9037299;192,8614534;141,554161;85,83417993;-34,40167684;273,1976256
0,005302004;-118,1127925;-28,74970958;-28,74970958;-125,3560228;-38,55741061;-47,74723813;60,8795119;115,178964;193,0676895;148,3942828;83,47085716;-47,65233002;246,6059218
0,005323913;-141,6340021;-41,83778;-41,83778;-140,724007;-43,63133174;-61,06779152;31,69825417;116,6017916;177,8148881;151,7483259;81,22333989;-60,01426088;217,7524761
0,005345823;-161,9165477;-44,44945176;-44,44945176;-161,6091313;-53,29300721;-76,11315132;12,2627782;118,4597117;159,6166832;153,9797642;78,80963167;-71,34933764;188,4798511
0,005367732;-173,1923476;-33,94684853;-33,94684853;-190,4390129;-70,37712249;-88,57814785;-1,124417404;122,4652032;137,1173844;155,3334471;71,78111497;-71,16638849;158,3541219
0,005389641;-177,6630133;-20,53638761;-20,53638761;-224,3967552;-96,16802433;-98,461609;-2,330049324;127,1672885;124,3501758;154,2884353;66,1648741;-65,77500655;125,343476
0,00541155;-177,0304118;-11,65249243;-11,65249243;-259,4835073;-124,2248749;-95,56518868;1,787917643;131,4274289;114,2265974;156,7573295;61,96065315;-54,65383143;100,4411764
0,005433459;-176,5574641;-14,43989885;-14,43989885;-290,6848703;-153,2556265;-88,98511343;10,4905939;125,3770838;107,0319638;161,5734924;62,18150015;-47,07979044;81,18613339
0,005455368;-176,0486491;-27,20115765;-27,20115765;-317,1820477;-182,6220085;-78,70246936;23,70277868;114,321038;104,8680227;166,0382883;62,6393279;-39,76881749;72,70424684
0,005477277;-177,1962063;-45,39043997;-45,39043997;-340,8823027;-210,6352746;-76,78340659;33,95751865;98,13471271;103,5540183;175,3619413;63,13987513;-32,20622955;64,32701482
0,005499186;-177,82963;-74,05366779;-74,05366779;-360,8872702;-234,5908521;-83,77171602;37,36752152;86,18624429;103,4320951;189,2400723;64,58616829;-21,90292352;55,90703194
0,005521095;-177,3507116;-105,4101973;-105,4101973;-380,4133284;-251,112732;-104,3923482;36,64711777;77,59878579;107,3926826;206,3248523;66,76188078;-10,26889574;42,15527951
0,005543005;-168,1082701;-142,6281007;-142,6281007;-398,1196221;-262,350561;-140,6211384;32,65028016;74,89165459;115,641119;220,8955008;69,86395072;3,287727525;29,3425385
0,005564914;-154,2424757;-171,9443378;-171,9443378;-403,0680045;-264,058585;-176,6843251;20,04252101;66,87719937;131,8810906;232,2266387;71,62820941;13,73337551;17,86299632
0,005586823;-131,9939073;-192,4798418;-192,4798418;-403,1404757;-266,8296628;-202,1805943;10,04797928;55,14390925;149,5515087;231,148626;72,72470789;22,09025867;6,266389849
0,005608732;-112,7672294;-198,2229545;-198,2229545;-398,1276449;-271,7123151;-210,5693747;2,320625494;34,3724174;168,3618341;224,7720533;74,23204992;27,65985748;-6,370843366
0,005630641;-95,73677831;-193,1511073;-193,1511073;-397,1740345;-284,0605116;-210,8727133;8,652453088;13,79351837;187,5066686;211,8498774;76,03099531;33,5908663;-20,7034811
0,00565255;-86,3878523;-181,7103519;-181,7103519;-398,4308695;-302,02075;-208,4424982;15,66845271;-6,548335509;199,644131;190,9919493;77,77571407;39,94136022;-33,67026428
0,005674459;-77,81683761;-158,4116667;-158,4116667;-401,6119676;-322,8265859;-208,0688266;22,1556517;-18,24171704;207,0654995;167,5056354;80,48201883;51,0868733;-46,70601823
0,005696368;-70,11258836;-129,5123282;-129,5123282;-404,2155658;-342,8809558;-209,3865841;20,96540286;-31,35893616;208,4286107;141,5220634;82,20448143;64,12759119;-55,16483025
0,005718277;-57,40934911;-97,50612575;-97,50612575;-405,796319;-354,206605;-198,2361565;16,17920536;-46,57715385;200,0064528;115,5683483;81,46224329;80,04941904;-59,59774595
0,005740187;-40,82180585;-68,08170983;-68,08170983;-400,3121629;-359,5695566;-180,6979363;6,894990957;-58,71786931;187,7401227;90,77056337;81,65004538;99,54563598;-58,20722535
0,005762096;-18,07659679;-48,00298719;-48,00298719;-391,5909242;-360,151341;-155,1016388;0,467940434;-67,46685078;176,7444275;69,0241553;82,17097193;120,3388858;-51,53297201
0,005784005;5,829546037;-37,35410105;-37,35410105;-377,3842512;-359,8801858;-124,5799818;-4,177694294;-68,11503233;166,0813728;50,82562925;81,72842358;141,6846006;-43,75901413
0,005805914;27,16662447;-49,0131549;-49,0131549;-355,9971492;-358,7390058;-96,9923243;-5,997333088;-62,47735513;153,8986282;27,63530532;80,12923639;164,3221774;-38,36429395
0,005827823;36,60689525;-63,2436238;-63,2436238;-330,2064348;-352,8263226;-77,22614719;-9,405391283;-53,65502529;134,101462;3,913512991;75,85309404;188,0092264;-39,93859977
0,005849732;43,38951461;-79,4436005;-79,4436005;-296,4537385;-343,6095767;-65,19558061;-13,49020332;-43,73882848;102,5753158;-16,69092637;69,51636673;207,4521937;-42,49413232
0,005871641;49,07155071;-87,42147059;-87,42147059;-263,8161422;-331,2342797;-63,49318806;-9,995126086;-34,76078046;64,79509269;-30,96377238;63,17861048;220,7481254;-44,03516579
0,00589355;63,69954997;-91,66167465;-91,66167465;-231,6357098;-303,3379375;-73,18340557;-2,770046821;-26,7229225;18,53067303;-40,11331768;56,63199742;225,4343447;-39,84517052
0,005915459;78,53270403;-87,02136297;-87,02136297;-206,0726122;-270,2392852;-81,62720565;9,995423602;-16,36408055;-18,83857188;-51,99686169;50,48658208;216,432259;-31,57726664
0,005937369;92,50287336;-76,14953051;-76,14953051;-183,3288881;-231,6270082;-84,80802971;22,41026804;-1,76046575;-49,11260201;-66,66697862;44,47780233;203,4763869;-10,79153707
0,005959278;108,1406862;-61,00882396;-61,00882396;-165,3708976;-195,3643553;-72,65500046;34,65918323;20,465652;-70,10563663;-79,85455484;38,80339705;186,3567001;11,15403998
0,005981187;124,0995871;-47,57138513;-47,57138513;-153,2003138;-167,8838541;-54,30440204;45,39897262;48,4624333;-84,05842601;-84,49079819;33,56541366;170,6916293;32,68789378
0,006003096;135,4562575;-35,15426834;-35,15426834;-143,7034736;-151,3731069;-24,38557427;56,06119525;76,2789722;-92,55892535;-84,67045148;29,69330302;156,0567309;51,72053425
0,006025005;142,1825953;-23,09521641;-23,09521641;-141,2217198;-145,8760151;6,473526603;64,87638496;95,62177417;-97,90469093;-72,74583292;27,0189448;146,0265;68,73167243
0,006046914;146,0666951;-23,90843974;-23,90843974;-140,1641238;-141,4611147;36,57471248;77,59512134;112,0333035;-100,8206716;-55,36623137;24,15277651;144,2330433;80,69655934
0,006068823;145,942925;-29,44294728;-29,44294728;-140,641309;-137,2580088;66,51001244;92,8989967;126,3642453;-102,3843042;-32,64520372;20,57910723;150,1119162;91,78871776
0,006090732;146,7834859;-41,61490737;-41,61490737;-138,8698744;-124,3264618;95,67959135;112,2621989;134,1518378;-100,3603129;-13,52684661;17,64658533;158,7750838;104,2525099
0,006112641;149,6236077;-48,85582158;-48,85582158;-133,0849223;-108,9920502;125,7359133;129,6809617;137,5865185;-94,61711888;-8,114597985;15,24057467;167,4200164;123,111134
0,006134551;149,657564;-52,62795675;-52,62795675;-119,908901;-91,4700575;149,2548263;145,9003397;135,3270205;-84,34222462;-10,06536519;17,68782982;175,5811548;138,961723
0,00615646;148,449668;-49,99775021;-49,99775021;-108,0573812;-73,01295141;159,6720924;152,2394492;131,2126045;-60,3224268;-14,98638867;20,31323484;179,1241802;151,5892124
0,006178369;144,6336154;-43,92089364;-43,92089364;-97,27118197;-53,68872153;165,3964291;157,9171388;128,8228188;-34,10016141;-22,00916098;21,9176427;177,8453105;156,9076966
0,006200278;141,9759598;-34,853657;-34,853657;-85,18994984;-32,96169737;169,3882281;161,9383338;132,0008147;-6,621480364;-32,08586255;24,95876357;163,5029342;162,3338412
0,006222187;141,1924719;-29,89749653;-29,89749653;-74,68054194;-14,67242324;177,1091617;163,4228012;142,4566417;17,55922517;-34,53039015;27,97460313;143,5518211;170,4554038
0,006244096;141,1206988;-28,65171444;-28,65171444;-65,19607311;1,807441012;185,3727258;163,3619327;156,7313475;38,98116922;-29,64185241;32,0282124;120,7808966;186,7125953
0,006266005;141,6827817;-34,11582374;-34,11582374;-58,16953527;15,12754735;193,8563968;161,7808087;175,766523;54,49884394;-9,662026667;37,23401159;103,1871107;204,0866083
0,006287914;134,6793984;-43,36228991;-43,36228991;-51,02538009;26,26903803;196,3506258;154,6202079;195,3301196;74,54415242;11,40813747;44,38267486;94,80262685;218,2447042
0,006309823;125,6737289;-52,2875422;-52,2875422;-44,91513197;36,61906393;196,6604477;145,2294563;215,44418;97,27553852;33,02067276;50,1690505;96,25078134;226,9396944
0,006331732;116,0882596;-56,04343695;-56,04343695;-41,67951798;46,76145452;169,829635;131,3775817;232,3421493;123,8398531;53,14458073;56,31505517;102,3299204;231,7257251
0,006353642;119,8504783;-55,65736599;-55,65736599;-40,13246247;55,36874075;143,0948198;119,4100084;245,7789008;153,0879444;75,13434643;64,89032217;107,7284484;228,5240428
0,006375551;137,6228736;-51,4618524;-51,4618524;-39,55383734;62,40766652;117,1053498;110,3636304;253,2743768;182,5965329;98,98014803;74,62291951;110,7546264;222,2219713
0,00639746;163,6262908;-40,77005617;-40,77005617;-36,04293871;65,38368206;101,0346285;110,2405956;253,7518265;209,7371418;121,2443346;85,69023463;109,5388671;216,0633093
0,006419369;180,0403546;-29,34402177;-29,34402177;-30,12345668;67,09071583;89,53775822;113,3678899;251,7602898;227,367695;136,6467215;99,65376652;107,2985665;206,5453752
0,006441278;186,8324225;-16,95970403;-16,95970403;-28,86579029;68,43950817;95,01164105;118,1826947;247,6834129;238,0420639;143,4398392;111,5061896;106,7592321;194,8864871
0,006463187;179,2247237;-6,632863719;-6,632863719;-28,23757421;71,68488601;106,2571326;119,235449;242,38068;233,9479301;142,2648911;118,9772618;106,1221119;176,1568317
0,006485096;165,7375006;-0,463802338;-0,463802338;-27,81635547;77,22396115;120,1267793;117,3873818;236,4065201;228,1896301;142,6615544;120,3108996;105,4502097;#VALUE!
